date,country_name,iso3,region_id,region.name,fcs,rcsi,national_fcs,national_rcsi,cfii,alert,national_cfii,national_alert
2025-01-27,Honduras,HND,901015,Atlantida,0.04084626800449314,0.17701313443812905,0.07074219295572862,0.24303283851800625,0.2859428356594401,False,0.39992035425487366,False
2025-01-27,Honduras,HND,901016,Colon,0.09167895692010297,0.24844532334749864,0.07074219295572862,0.24303283851800625,0.41850746348129947,False,0.39992035425487366,False
2025-01-27,Honduras,HND,901017,Comayagua,0.08216638703426901,0.16917967102488402,0.07074219295572862,0.24303283851800625,0.2948527000544605,False,0.39992035425487366,False
2025-01-27,Honduras,HND,901018,Copan,0.08133340817867393,0.341305635278575,0.07074219295572862,0.24303283851800625,0.5526251570071994,False,0.39992035425487366,False
2025-01-27,Honduras,HND,901019,Cortes,0.04084779061142481,0.17701366038050625,0.07074219295572862,0.24303283851800625,0.2859443858764718,False,0.39992035425487366,False
2025-01-27,Honduras,HND,901020,Choluteca,0.05307338831024966,0.24425608617748357,0.07074219295572862,0.24303283851800625,0.39292082342135015,False,0.39992035425487366,False
2025-01-27,Honduras,HND,901021,El Paraiso,0.05307381608985409,0.24425633413164566,0.07074219295572862,0.24303283851800625,0.3929214092423955,False,0.39992035425487366,False
2025-01-27,Honduras,HND,901022,Francisco Morazan,0.053074645905721404,0.244257774656005,0.07074219295572862,0.24303283851800625,0.3929239849368682,False,0.39992035425487366,False
2025-01-27,Honduras,HND,901023,Gracias a Dios,0.09167106997670066,0.24844020145831763,0.07074219295572862,0.24303283851800625,0.41849583717582683,False,0.39992035425487366,False
2025-01-27,Honduras,HND,901024,Intibuca,0.08216431022368643,0.16918051044083524,0.07074219295572862,0.24303283851800625,0.29485292077309605,False,0.39992035425487366,False
2025-01-27,Honduras,HND,901025,Islas de La Bahia,0.0916691024341396,0.24843745879374457,0.07074219295572862,0.24303283851800625,0.41849073940768666,False,0.39992035425487366,False
2025-01-27,Honduras,HND,901026,La Paz,0.08216388062448664,0.16917853593905263,0.07074219295572862,0.24303283851800625,0.2948497442208223,False,0.39992035425487366,False
2025-01-27,Honduras,HND,901027,Lempira,0.0813327905890358,0.3413043130265889,0.07074219295572862,0.24303283851800625,0.5526228648344013,False,0.39992035425487366,False
2025-01-27,Honduras,HND,901028,Ocotepeque,0.08133222711150795,0.34130363204922964,0.07074219295572862,0.24303283851800625,0.5526215616295984,False,0.39992035425487366,False
2025-01-27,Honduras,HND,901029,Olancho,0.0916783960704512,0.24844458009532083,0.07074219295572862,0.24303283851800625,0.4185060681782069,False,0.39992035425487366,False
2025-01-27,Honduras,HND,901030,Santa Barbara,0.08133435356605542,0.3413045087732287,0.07074219295572862,0.24303283851800625,0.5526239399428707,False,0.39992035425487366,False
2025-01-27,Honduras,HND,901031,Valle,0.0530721195880196,0.2442570788709284,0.07074219295572862,0.24303283851800625,0.3929216781004024,False,0.39992035425487366,False
2025-01-27,Honduras,HND,901032,Yoro,0.04084656196424273,0.1770126544421391,0.07074219295572862,0.24303283851800625,0.28594226264533,False,0.39992035425487366,False
2025-01-28,Honduras,HND,901015,Atlantida,0.03812225844085848,0.166446826710155,0.07254405405166808,0.24412975278512214,0.26873136928566177,False,0.40246665620351724,False
2025-01-28,Honduras,HND,901016,Colon,0.09652879078470245,0.26523891670523553,0.07254405405166808,0.24412975278512214,0.4461227704502045,False,0.40246665620351724,False
2025-01-28,Honduras,HND,901017,Comayagua,0.08050235118637389,0.16367368726275833,0.07254405405166808,0.24412975278512214,0.28576170648732446,False,0.40246665620351724,False
2025-01-28,Honduras,HND,901018,Copan,0.08474329187736322,0.3394742836317252,0.07254405405166808,0.24412975278512214,0.5515830713862694,False,0.40246665620351724,False
2025-01-28,Honduras,HND,901019,Cortes,0.03812252680825322,0.16644788399103502,0.07254405405166808,0.24412975278512214,0.26873308939067914,False,0.40246665620351724,False
2025-01-28,Honduras,HND,901020,Choluteca,0.05621279409289626,0.24627962619228994,0.07254405405166808,0.24412975278512214,0.39752583633488303,False,0.40246665620351724,False
2025-01-28,Honduras,HND,901021,El Paraiso,0.05621196413742611,0.24627967649868387,0.07254405405166808,0.24412975278512214,0.3975254968167389,False,0.40246665620351724,False
2025-01-28,Honduras,HND,901022,Francisco Morazan,0.05621369174979471,0.24628075215116818,0.07254405405166808,0.24412975278512214,0.39752797410164964,False,0.40246665620351724,False
2025-01-28,Honduras,HND,901023,Gracias a Dios,0.09652896877302208,0.2652409231000526,0.07254405405166808,0.24412975278512214,0.44612586903658996,False,0.40246665620351724,False
2025-01-28,Honduras,HND,901024,Intibuca,0.08050115204269222,0.16367146171693736,0.07254405405166808,0.24412975278512214,0.28575776859675217,False,0.40246665620351724,False
2025-01-28,Honduras,HND,901025,Islas de La Bahia,0.09652152308869001,0.2652364250112081,0.07254405405166808,0.24412975278512214,0.44611539906115716,False,0.40246665620351724,False
2025-01-28,Honduras,HND,901026,La Paz,0.08049893722651358,0.16367392479210613,0.07254405405166808,0.24412975278512214,0.285760355801416,False,0.40246665620351724,False
2025-01-28,Honduras,HND,901027,Lempira,0.08474246167473282,0.3394740914257052,0.07254405405166808,0.24412975278512214,0.5515823679759242,False,0.40246665620351724,False
2025-01-28,Honduras,HND,901028,Ocotepeque,0.08473835394030224,0.3394756860474357,0.07254405405166808,0.24412975278512214,0.5515827060413047,False,0.40246665620351724,False
2025-01-28,Honduras,HND,901029,Olancho,0.09652993658230322,0.2652397610606706,0.07254405405166808,0.24412975278512214,0.4461246098821575,False,0.40246665620351724,False
2025-01-28,Honduras,HND,901030,Santa Barbara,0.08474206789894952,0.3394741821113332,0.07254405405166808,0.24412975278512214,0.5515823071164745,False,0.40246665620351724,False
2025-01-28,Honduras,HND,901031,Valle,0.0562096832967494,0.24628040533049517,0.07254405405166808,0.24412975278512214,0.3975254496441174,False,0.40246665620351724,False
2025-01-28,Honduras,HND,901032,Yoro,0.03812221932840209,0.1664470363932036,0.07254405405166808,0.24412975278512214,0.26873166425400646,False,0.40246665620351724,False
2025-01-29,Honduras,HND,901015,Atlantida,0.03914750061954897,0.17010216562342614,0.07803803993826446,0.24003265894138404,0.2747269987449137,False,0.39906800838120826,False
2025-01-29,Honduras,HND,901016,Colon,0.09507581489600521,0.2824392364763468,0.07803803993826446,0.24003265894138404,0.47119676216252276,False,0.39906800838120826,False
2025-01-29,Honduras,HND,901017,Comayagua,0.09363300794990621,0.1575597717207929,0.07803803993826446,0.24003265894138404,0.2831561615561425,False,0.39906800838120826,False
2025-01-29,Honduras,HND,901018,Copan,0.08870441365519453,0.3254999772219944,0.07803803993826446,0.24003265894138404,0.5326021726605888,False,0.39906800838120826,False
2025-01-29,Honduras,HND,901019,Cortes,0.03914874514598805,0.1701027985889615,0.07803803993826446,0.24003265894138404,0.2747285704564363,False,0.39906800838120826,False
2025-01-29,Honduras,HND,901020,Choluteca,0.06780899644861826,0.2264648133643767,0.07803803993826446,0.24003265894138404,0.3736017182708742,False,0.39906800838120826,False
2025-01-29,Honduras,HND,901021,El Paraiso,0.0678092269396424,0.22646453995225693,0.07803803993826446,0.24003265894138404,0.3736014233982066,False,0.39906800838120826,False
2025-01-29,Honduras,HND,901022,Francisco Morazan,0.06781015723061809,0.22646577065932108,0.07803803993826446,0.24003265894138404,0.3736037346042907,False,0.39906800838120826,False
2025-01-29,Honduras,HND,901023,Gracias a Dios,0.09507254953581994,0.2824362925655867,0.07803803993826446,0.24003265894138404,0.47119071361629,False,0.39906800838120826,False
2025-01-29,Honduras,HND,901024,Intibuca,0.09363153579805479,0.15755730858468678,0.07803803993826446,0.24003265894138404,0.2831517307760576,False,0.39906800838120826,False
2025-01-29,Honduras,HND,901025,Islas de La Bahia,0.09507108205648979,0.28243097128088823,0.07803803993826446,0.24003265894138404,0.47118199794957727,False,0.39906800838120826,False
2025-01-29,Honduras,HND,901026,La Paz,0.09363067111539573,0.1575591429717055,0.07803803993826446,0.24003265894138404,0.2831540500152561,False,0.39906800838120826,False
2025-01-29,Honduras,HND,901027,Lempira,0.0887044111392809,0.32549930899796703,0.07803803993826446,0.24003265894138404,0.532601169066591,False,0.39906800838120826,False
2025-01-29,Honduras,HND,901028,Ocotepeque,0.08870082250474816,0.325499279039931,0.07803803993826446,0.24003265894138404,0.5325993298122705,False,0.39906800838120826,False
2025-01-29,Honduras,HND,901029,Olancho,0.0950776714978326,0.2824407766534407,0.07803803993826446,0.24003265894138404,0.47120000072907736,False,0.39906800838120826,False
2025-01-29,Honduras,HND,901030,Santa Barbara,0.08870300366806488,0.3254999465297829,0.07803803993826446,0.24003265894138404,0.5326014216287068,False,0.39906800838120826,False
2025-01-29,Honduras,HND,901031,Valle,0.06780640185814042,0.22646289274706757,0.07803803993826446,0.24003265894138404,0.3735975400496716,False,0.39906800838120826,False
2025-01-29,Honduras,HND,901032,Yoro,0.03914870682941114,0.17010286796637944,0.07803803993826446,0.24003265894138404,0.27472865536427477,False,0.39906800838120826,False
2025-01-30,Honduras,HND,901015,Atlantida,0.039675136352745125,0.1711573974146821,0.08097554173408973,0.24571837125567944,0.27657366429839575,False,0.40906532775056403,False
2025-01-30,Honduras,HND,901016,Colon,0.09366773732909314,0.27814476655306375,0.08097554173408973,0.24571837125567944,0.4640510184941422,False,0.40906532775056403,False
2025-01-30,Honduras,HND,901017,Comayagua,0.0919179854860855,0.1695931964361029,0.08097554173408973,0.24571837125567944,0.3003487873971971,False,0.40906532775056403,False
2025-01-30,Honduras,HND,901018,Copan,0.09079087051114208,0.325010250102501,0.08097554173408973,0.24571837125567944,0.5329108104093225,False,0.40906532775056403,False
2025-01-30,Honduras,HND,901019,Cortes,0.03967614830667591,0.1711575652341889,0.08097554173408973,0.24571837125567944,0.2765744220046213,False,0.40906532775056403,False
2025-01-30,Honduras,HND,901020,Choluteca,0.08123985800500308,0.24701565400255357,0.08097554173408973,0.24571837125567944,0.4111434100063319,False,0.40906532775056403,False
2025-01-30,Honduras,HND,901021,El Paraiso,0.0812391253102653,0.24701508362824195,0.08097554173408973,0.24571837125567944,0.4111421880974956,False,0.40906532775056403,False
2025-01-30,Honduras,HND,901022,Francisco Morazan,0.08123991827881663,0.24701580741208412,0.08097554173408973,0.24571837125567944,0.4111436702575345,False,0.40906532775056403,False
2025-01-30,Honduras,HND,901023,Gracias a Dios,0.09366313034656179,0.2781421483875817,0.08097554173408973,0.24571837125567944,0.4640447877546535,False,0.40906532775056403,False
2025-01-30,Honduras,HND,901024,Intibuca,0.09191649170116377,0.16959257540603248,0.08097554173408973,0.24571837125567944,0.3003471089596306,False,0.40906532775056403,False
2025-01-30,Honduras,HND,901025,Islas de La Bahia,0.0936602171932511,0.27814552071520876,0.08097554173408973,0.24571837125567944,0.4640483896694387,False,0.40906532775056403,False
2025-01-30,Honduras,HND,901026,La Paz,0.09191787197747968,0.1695925803246108,0.08097554173408973,0.24571837125567944,0.30034780647565607,False,0.40906532775056403,False
2025-01-30,Honduras,HND,901027,Lempira,0.09079074859265392,0.3250110720402969,0.08097554173408973,0.24571837125567944,0.5329119823567723,False,0.40906532775056403,False
2025-01-30,Honduras,HND,901028,Ocotepeque,0.09078989519738774,0.32501106985932765,0.08097554173408973,0.24571837125567944,0.5329115523876854,False,0.40906532775056403,False
2025-01-30,Honduras,HND,901029,Olancho,0.09366902664675612,0.2781459730136743,0.08097554173408973,0.24571837125567944,0.4640534728438895,False,0.40906532775056403,False
2025-01-30,Honduras,HND,901030,Santa Barbara,0.09079244677574955,0.3250104883887367,0.08097554173408973,0.24571837125567944,0.5329119559709798,False,0.40906532775056403,False
2025-01-30,Honduras,HND,901031,Valle,0.08123792694405965,0.24701212887203708,0.08097554173408973,0.24571837125567944,0.41113715678008544,False,0.40906532775056403,False
2025-01-30,Honduras,HND,901032,Yoro,0.039675216258725034,0.1711574048113049,0.08097554173408973,0.24571837125567944,0.27657371534631986,False,0.40906532775056403,False
2025-01-31,Honduras,HND,901015,Atlantida,0.03292601997246301,0.16632891255166238,0.07866822030819211,0.24565486564507907,0.2659563788137251,False,0.40781640862171464,False
2025-01-31,Honduras,HND,901016,Colon,0.09333669001136122,0.2999705473976522,0.07866822030819211,0.24565486564507907,0.496624166102159,False,0.40781640862171464,False
2025-01-31,Honduras,HND,901017,Comayagua,0.09468907214222733,0.170886493040911,0.07866822030819211,0.24565486564507907,0.3036742756324802,False,0.40781640862171464,False
2025-01-31,Honduras,HND,901018,Copan,0.07794635060817585,0.3014145141451415,0.07866822030819211,0.24565486564507907,0.4910949465218002,False,0.40781640862171464,False
2025-01-31,Honduras,HND,901019,Cortes,0.03292605109011142,0.16632989500626713,0.07866822030819211,0.24565486564507907,0.26595786805445637,False,0.40781640862171464,False
2025-01-31,Honduras,HND,901020,Choluteca,0.08701435778891324,0.25115285988648434,0.07866822030819211,0.24565486564507907,0.42023646872418313,False,0.40781640862171464,False
2025-01-31,Honduras,HND,901021,El Paraiso,0.08701538621014443,0.25115320787313644,0.07866822030819211,0.24565486564507907,0.42023750491477685,False,0.40781640862171464,False
2025-01-31,Honduras,HND,901022,Francisco Morazan,0.08701552370934294,0.25115457530363283,0.07866822030819211,0.24565486564507907,0.4202396248101207,False,0.40781640862171464,False
2025-01-31,Honduras,HND,901023,Gracias a Dios,0.09333420099507722,0.2999699315943772,0.07866822030819211,0.24565486564507907,0.49662199788910444,False,0.40781640862171464,False
2025-01-31,Honduras,HND,901024,Intibuca,0.09468954969577821,0.1708844547563805,0.07866822030819211,0.24565486564507907,0.3036714569824599,False,0.40781640862171464,False
2025-01-31,Honduras,HND,901025,Islas de La Bahia,0.09333051098657758,0.2999683535958227,0.07866822030819211,0.24565486564507907,0.4966177858870229,False,0.40781640862171464,False
2025-01-31,Honduras,HND,901026,La Paz,0.09468976232719188,0.17088265546277087,0.07866822030819211,0.24565486564507907,0.3036688643577522,False,0.40781640862171464,False
2025-01-31,Honduras,HND,901027,Lempira,0.07794717927954678,0.3014129524195743,0.07866822030819211,0.24565486564507907,0.49109301826913476,False,0.40781640862171464,False
2025-01-31,Honduras,HND,901028,Ocotepeque,0.07794317895705205,0.30141240051318735,0.07866822030819211,0.24565486564507907,0.4910901902483071,False,0.40781640862171464,False
2025-01-31,Honduras,HND,901029,Olancho,0.09333692396520647,0.29997048475436944,0.07866822030819211,0.24565486564507907,0.4966241891141574,False,0.40781640862171464,False
2025-01-31,Honduras,HND,901030,Santa Barbara,0.07794725282446449,0.30141367027796284,0.07866822030819211,0.24565486564507907,0.4910941318291765,False,0.40781640862171464,False
2025-01-31,Honduras,HND,901031,Valle,0.08701411578028424,0.25115301891394487,0.07866822030819211,0.24565486564507907,0.4202365862610595,False,0.40781640862171464,False
2025-01-31,Honduras,HND,901032,Yoro,0.032925839203539475,0.1663286541181455,0.07866822030819211,0.24565486564507907,0.265955900778988,False,0.40781640862171464,False
2025-02-01,Honduras,HND,901015,Atlantida,0.032432392463886614,0.15408182842890375,0.08160554909420102,0.24235822270538077,0.24733893887529895,False,0.40434010860517167,False
2025-02-01,Honduras,HND,901016,Colon,0.10810227065539053,0.2996591913156898,0.08160554909420102,0.24235822270538077,0.5035399223012299,False,0.40434010860517167,False
2025-02-01,Honduras,HND,901017,Comayagua,0.08340858637804795,0.16907752530577816,0.08160554909420102,0.24235822270538077,0.2953205811476912,False,0.40434010860517167,False
2025-02-01,Honduras,HND,901018,Copan,0.08449728941733861,0.30659651040954855,0.08160554909420102,0.24235822270538077,0.5021434103229921,False,0.40434010860517167,False
2025-02-01,Honduras,HND,901019,Cortes,0.03243380319113589,0.15408154081540815,0.08160554909420102,0.24235822270538077,0.24733921281868015,False,0.40434010860517167,False
2025-02-01,Honduras,HND,901020,Choluteca,0.08774822212247177,0.24198791884381404,0.08160554909420102,0.24235822270538077,0.40685598932695693,False,0.40434010860517167,False
2025-02-01,Honduras,HND,901021,El Paraiso,0.08774883019508534,0.2419898015762615,0.08160554909420102,0.24235822270538077,0.4068591174619349,False,0.40434010860517167,False
2025-02-01,Honduras,HND,901022,Francisco Morazan,0.08774884258972847,0.24198958776748877,0.08160554909420102,0.24235822270538077,0.4068588029460974,False,0.40434010860517167,False
2025-02-01,Honduras,HND,901023,Gracias a Dios,0.10809591821393669,0.2996598511613921,0.08160554909420102,0.24235822270538077,0.5035377358490565,False,0.40434010860517167,False
2025-02-01,Honduras,HND,901024,Intibuca,0.08340790531267156,0.16907656612529,0.08160554909420102,0.24235822270538077,0.29531880184427084,False,0.40434010860517167,False
2025-02-01,Honduras,HND,901025,Islas de La Bahia,0.10809884226904717,0.2996518895540494,0.08160554909420102,0.24235822270538077,0.5035272554655977,False,0.40434010860517167,False
2025-02-01,Honduras,HND,901026,La Paz,0.0834059893804186,0.16907829361412807,0.08160554909420102,0.24235822270538077,0.2953204351114014,False,0.40434010860517167,False
2025-02-01,Honduras,HND,901027,Lempira,0.08449700921513909,0.306596801647733,0.08160554909420102,0.24235822270538077,0.5021437070791691,False,0.40434010860517167,False
2025-02-01,Honduras,HND,901028,Ocotepeque,0.08449424935000056,0.3065953654188948,0.08160554909420102,0.24235822270538077,0.5021401728033424,False,0.40434010860517167,False
2025-02-01,Honduras,HND,901029,Olancho,0.10810294112714698,0.2996585622721373,0.08160554909420102,0.24235822270538077,0.5035393139717794,False,0.40434010860517167,False
2025-02-01,Honduras,HND,901030,Santa Barbara,0.08449733882842642,0.30659616824198155,0.08160554909420102,0.24235822270538077,0.5021429217771856,False,0.40434010860517167,False
2025-02-01,Honduras,HND,901031,Valle,0.08774582169949126,0.241989844564181,0.08160554909420102,0.24235822270538077,0.4068576776960171,False,0.40434010860517167,False
2025-02-01,Honduras,HND,901032,Yoro,0.0324336312862549,0.1540807616341738,0.08160554909420102,0.24235822270538077,0.24733795809438813,False,0.40434010860517167,False
2025-02-02,Honduras,HND,901015,Atlantida,0.032918042253640666,0.14735472575964698,0.08303769792053033,0.2435456715902087,0.2374911097662908,False,0.4068373563455782,False
2025-02-02,Honduras,HND,901016,Colon,0.10599570833508647,0.30183026886018427,0.08303769792053033,0.2435456715902087,0.5057432574578197,False,0.4068373563455782,False
2025-02-02,Honduras,HND,901017,Comayagua,0.09196571734912916,0.17670220898355124,0.08303769792053033,0.2435456715902087,0.31103617214989143,False,0.4068373563455782,False
2025-02-02,Honduras,HND,901018,Copan,0.09359483419662068,0.3192747483030386,0.08303769792053033,0.2435456715902087,0.5257095395528683,False,0.4068373563455782,False
2025-02-02,Honduras,HND,901019,Cortes,0.0329194821201152,0.1473556198976624,0.08303769792053033,0.2435456715902087,0.2374931709065512,False,0.4068373563455782,False
2025-02-02,Honduras,HND,901020,Choluteca,0.08041804446295935,0.23180798901322916,0.08303769792053033,0.2435456715902087,0.3879210057513234,False,0.4068373563455782,False
2025-02-02,Honduras,HND,901021,El Paraiso,0.08041816364949993,0.2318088875313472,0.08303769792053033,0.2435456715902087,0.3879224131217708,False,0.4068373563455782,False
2025-02-02,Honduras,HND,901022,Francisco Morazan,0.08041954648134401,0.23180996042847477,0.08303769792053033,0.2435456715902087,0.3879247138833841,False,0.4068373563455782,False
2025-02-02,Honduras,HND,901023,Gracias a Dios,0.10599112982034127,0.30183041419228746,0.08303769792053033,0.2435456715902087,0.5057411861986019,False,0.4068373563455782,False
2025-02-02,Honduras,HND,901024,Intibuca,0.09196470558924262,0.1767016241299304,0.08303769792053033,0.2435456715902087,0.3110347889895169,False,0.4068373563455782,False
2025-02-02,Honduras,HND,901025,Islas de La Bahia,0.10598908199055883,0.30182757984124053,0.08303769792053033,0.2435456715902087,0.5057359107571402,False,0.4068373563455782,False
2025-02-02,Honduras,HND,901026,La Paz,0.09196576798566054,0.17670106867035093,0.08303769792053033,0.2435456715902087,0.3110344869983567,False,0.4068373563455782,False
2025-02-02,Honduras,HND,901027,Lempira,0.0935947673486875,0.3192749547780523,0.08303769792053033,0.2435456715902087,0.5257098158414222,False,0.4068373563455782,False
2025-02-02,Honduras,HND,901028,Ocotepeque,0.09359425076183432,0.31927177356176983,0.08303769792053033,0.2435456715902087,0.5257047857235719,False,0.4068373563455782,False
2025-02-02,Honduras,HND,901029,Olancho,0.1059966258707836,0.3018319576322065,0.08303769792053033,0.2435456715902087,0.5057462493837015,False,0.4068373563455782,False
2025-02-02,Honduras,HND,901030,Santa Barbara,0.09359551128036585,0.3192768358793383,0.08303769792053033,0.2435456715902087,0.5257130094591904,False,0.4068373563455782,False
2025-02-02,Honduras,HND,901031,Valle,0.0804175580545152,0.23180669194438902,0.08303769792053033,0.2435456715902087,0.3879188169438411,False,0.4068373563455782,False
2025-02-02,Honduras,HND,901032,Yoro,0.032919625019160556,0.14735477921705703,0.08303769792053033,0.2435456715902087,0.23749198133516583,False,0.4068373563455782,False
2025-02-03,Honduras,HND,901015,Atlantida,0.03401922038996155,0.12353206865401987,0.0808840198214508,0.23242145251221727,0.2023077131760106,False,0.3890741886790513,False
2025-02-03,Honduras,HND,901016,Colon,0.10106730620888908,0.2992384398535785,0.0808840198214508,0.23242145251221727,0.49939131288481226,False,0.3890741886790513,False
2025-02-03,Honduras,HND,901017,Comayagua,0.09212062945322752,0.17779121415014762,0.0808840198214508,0.23242145251221727,0.3127471359518352,False,0.3890741886790513,False
2025-02-03,Honduras,HND,901018,Copan,0.0887772500284805,0.3026422486447087,0.0808840198214508,0.23242145251221727,0.49835199798130325,False,0.3890741886790513,False
2025-02-03,Honduras,HND,901019,Cortes,0.0340203265952714,0.1235328206940606,0.0808840198214508,0.23242145251221727,0.2023093943387266,False,0.3890741886790513,False
2025-02-03,Honduras,HND,901020,Choluteca,0.07952962092164495,0.21802517086359882,0.0808840198214508,0.23242145251221727,0.3668025667562207,False,0.3890741886790513,False
2025-02-03,Honduras,HND,901021,El Paraiso,0.07953096572205191,0.21802681317740627,0.0808840198214508,0.23242145251221727,0.36680570262713535,False,0.3890741886790513,False
2025-02-03,Honduras,HND,901022,Francisco Morazan,0.07953090876910121,0.21802667167779943,0.0808840198214508,0.23242145251221727,0.36680546190124974,False,0.3890741886790513,False
2025-02-03,Honduras,HND,901023,Gracias a Dios,0.10106742839960911,0.2992370142073217,0.0808840198214508,0.23242145251221727,0.49938923551078707,False,0.3890741886790513,False
2025-02-03,Honduras,HND,901024,Intibuca,0.09212066807610576,0.17778932714617168,0.0808840198214508,0.23242145251221727,0.3127443247573104,False,0.3890741886790513,False
2025-02-03,Honduras,HND,901025,Islas de La Bahia,0.10105751733959228,0.29922993749835175,0.0808840198214508,0.23242145251221727,0.4993736649173237,False,0.3890741886790513,False
2025-02-03,Honduras,HND,901026,La Paz,0.0921183566674258,0.1777906591586618,0.0808840198214508,0.23242145251221727,0.31274516707170563,False,0.3890741886790513,False
2025-02-03,Honduras,HND,901027,Lempira,0.08877906081672438,0.30264288267906025,0.0808840198214508,0.23242145251221727,0.49835385442695257,False,0.3890741886790513,False
2025-02-03,Honduras,HND,901028,Ocotepeque,0.08877456832431513,0.3026386003156329,0.0808840198214508,0.23242145251221727,0.49834518463560684,False,0.3890741886790513,False
2025-02-03,Honduras,HND,901029,Olancho,0.10106959225358962,0.2992409886265684,0.0808840198214508,0.23242145251221727,0.4993962790666474,False,0.3890741886790513,False
2025-02-03,Honduras,HND,901030,Santa Barbara,0.08877904265546235,0.30264348527101176,0.0808840198214508,0.23242145251221727,0.4983547492342488,False,0.3890741886790513,False
2025-02-03,Honduras,HND,901031,Valle,0.0795305803083225,0.21802589857868246,0.0808840198214508,0.23242145251221727,0.3668041380221849,False,0.3890741886790513,False
2025-02-03,Honduras,HND,901032,Yoro,0.03401931385633921,0.12353190402312816,0.0808840198214508,0.23242145251221727,0.20230751296286184,False,0.3890741886790513,False
2025-02-04,Honduras,HND,901015,Atlantida,0.05110677381107372,0.1254308118910688,0.08612510353180057,0.23407485986302834,0.21369960474214006,False,0.3941748415604428,False
2025-02-04,Honduras,HND,901016,Colon,0.0985876973097191,0.3022762654100223,0.08612510353180057,0.23407485986302834,0.502708246769893,False,0.3941748415604428,False
2025-02-04,Honduras,HND,901017,Comayagua,0.08911386671632596,0.17134120624209198,0.08612510353180057,0.23407485986302834,0.3015687427213009,False,0.3941748415604428,False
2025-02-04,Honduras,HND,901018,Copan,0.09452641690652756,0.3068903466812446,0.08612510353180057,0.23407485986302834,0.5075987284751307,False,0.3941748415604428,False
2025-02-04,Honduras,HND,901019,Cortes,0.051107868684524285,0.12543064802855694,0.08612510353180057,0.23407485986302834,0.21369990638509753,False,0.3941748415604428,False
2025-02-04,Honduras,HND,901020,Choluteca,0.08928678088797658,0.22159372552385653,0.08612510353180057,0.23407485986302834,0.3770339787297731,False,0.3941748415604428,False
2025-02-04,Honduras,HND,901021,El Paraiso,0.0892857738671938,0.22159295409931112,0.08612510353180057,0.23407485986302834,0.3770323180825636,False,0.3941748415604428,False
2025-02-04,Honduras,HND,901022,Francisco Morazan,0.08928711217071557,0.22159366626428645,0.08612510353180057,0.23407485986302834,0.3770340554817875,False,0.3941748415604428,False
2025-02-04,Honduras,HND,901023,Gracias a Dios,0.09858680465308972,0.3022720438998722,0.08612510353180057,0.23407485986302834,0.5027014681763532,False,0.3941748415604428,False
2025-02-04,Honduras,HND,901024,Intibuca,0.08911365344966624,0.17134106728538284,0.08612510353180057,0.23407485986302834,0.3015684276529074,False,0.3941748415604428,False
2025-02-04,Honduras,HND,901025,Islas de La Bahia,0.09857856872808222,0.3022759039004193,0.08612510353180057,0.23407485986302834,0.5027031402146701,False,0.3941748415604428,False
2025-02-04,Honduras,HND,901026,La Paz,0.08911103285160332,0.17134028346786145,0.08612510353180057,0.23407485986302834,0.30156594162759387,False,0.3941748415604428,False
2025-02-04,Honduras,HND,901027,Lempira,0.09452584820100204,0.30689027741463853,0.08612510353180057,0.23407485986302834,0.5075983402224589,False,0.3941748415604428,False
2025-02-04,Honduras,HND,901028,Ocotepeque,0.09452521659855295,0.30689056166763173,0.08612510353180057,0.23407485986302834,0.5075984508007241,False,0.3941748415604428,False
2025-02-04,Honduras,HND,901029,Olancho,0.09858764813400316,0.30227636331925767,0.08612510353180057,0.23407485986302834,0.5027083690458881,False,0.3941748415604428,False
2025-02-04,Honduras,HND,901030,Santa Barbara,0.09452708926812461,0.30689025443597145,0.08612510353180057,0.23407485986302834,0.5075989262880195,False,0.3941748415604428,False
2025-02-04,Honduras,HND,901031,Valle,0.08928685750517765,0.22159027916361781,0.08612510353180057,0.23407485986302834,0.3770288474980155,False,0.3941748415604428,False
2025-02-04,Honduras,HND,901032,Yoro,0.0511068538290517,0.12543081883941837,0.08612510353180057,0.23407485986302834,0.2136996551736534,False,0.3941748415604428,False
2025-02-05,Honduras,HND,901015,Atlantida,0.05071110261650331,0.1251408974266734,0.08339918371851224,0.23236374582914898,0.21306689744826174,False,0.39024521060297956,False
2025-02-05,Honduras,HND,901016,Colon,0.08681783932848415,0.2874571114573498,0.08339918371851224,0.23236374582914898,0.4745945868502668,False,0.39024521060297956,False
2025-02-05,Honduras,HND,901017,Comayagua,0.08856858487963369,0.1675025042176297,0.08339918371851224,0.23236374582914898,0.2955380487662614,False,0.39024521060297956,False
2025-02-05,Honduras,HND,901018,Copan,0.09335341531959036,0.3200856453008975,0.08339918371851224,0.23236374582914898,0.5268051756111414,False,0.39024521060297956,False
2025-02-05,Honduras,HND,901019,Cortes,0.050711137151721104,0.12514076360275797,0.08339918371851224,0.23236374582914898,0.21306671397999752,False,0.39024521060297956,False
2025-02-05,Honduras,HND,901020,Choluteca,0.09066657317727274,0.21861313477034,0.08339918371851224,0.23236374582914898,0.3732529887441464,False,0.39024521060297956,False
2025-02-05,Honduras,HND,901021,El Paraiso,0.09066710251304463,0.21861436067245008,0.08339918371851224,0.23236374582914898,0.37325509226519743,False,0.39024521060297956,False
2025-02-05,Honduras,HND,901022,Francisco Morazan,0.09066728276368478,0.2186144867188749,0.08339918371851224,0.23236374582914898,0.37325537146015475,False,0.39024521060297956,False
2025-02-05,Honduras,HND,901023,Gracias a Dios,0.08681310749643284,0.2874536703002198,0.08339918371851224,0.23236374582914898,0.47458705919854616,False,0.39024521060297956,False
2025-02-05,Honduras,HND,901024,Intibuca,0.0885679902953141,0.16750255220417634,0.08339918371851224,0.23236374582914898,0.2955378234539216,False,0.39024521060297956,False
2025-02-05,Honduras,HND,901025,Islas de La Bahia,0.08681661809647227,0.28745455048948815,0.08339918371851224,0.23236374582914898,0.47459013478246836,False,0.39024521060297956,False
2025-02-05,Honduras,HND,901026,La Paz,0.08856628210848923,0.16750056658705392,0.08339918371851224,0.23236374582914898,0.2955339909348255,False,0.39024521060297956,False
2025-02-05,Honduras,HND,901027,Lempira,0.09335467879452321,0.3200860150793185,0.08339918371851224,0.23236374582914898,0.5268063620162393,False,0.39024521060297956,False
2025-02-05,Honduras,HND,901028,Ocotepeque,0.09335017415217725,0.3200835632457963,0.08339918371851224,0.23236374582914898,0.526800431944783,False,0.39024521060297956,False
2025-02-05,Honduras,HND,901029,Olancho,0.08682008385985973,0.2874580809525566,0.08339918371851224,0.23236374582914898,0.47459716335876473,False,0.39024521060297956,False
2025-02-05,Honduras,HND,901030,Santa Barbara,0.09335492328588317,0.3200850587761079,0.08339918371851224,0.23236374582914898,0.5268050498071034,False,0.39024521060297956,False
2025-02-05,Honduras,HND,901031,Valle,0.09066716256237731,0.2186134947559813,0.08339918371851224,0.23236374582914898,0.3732538234151606,False,0.39024521060297956,False
2025-02-05,Honduras,HND,901032,Yoro,0.050711248531756375,0.12514096836700994,0.08339918371851224,0.23236374582914898,0.2130670768163931,False,0.39024521060297956,False
2025-02-06,Honduras,HND,901015,Atlantida,0.05208410882978495,0.14922936102517367,0.08403089947348838,0.23448274307474737,0.249886095952653,False,0.39373956434886526,False
2025-02-06,Honduras,HND,901016,Colon,0.08542652914407263,0.29245002381482516,0.08403089947348838,0.23448274307474737,0.4813883002942741,False,0.39373956434886526,False
2025-02-06,Honduras,HND,901017,Comayagua,0.08569698044601777,0.14951167756221004,0.08403089947348838,0.23448274307474737,0.26711600656632395,False,0.39373956434886526,False
2025-02-06,Honduras,HND,901018,Copan,0.09665395931053394,0.3253655869892032,0.08403089947348838,0.23448274307474737,0.5363753601390718,False,0.39373956434886526,False
2025-02-06,Honduras,HND,901019,Cortes,0.052084205420481866,0.1492297240045571,0.08403089947348838,0.23448274307474737,0.2498866887170766,False,0.39373956434886526,False
2025-02-06,Honduras,HND,901020,Choluteca,0.09272661042584837,0.21330000107292688,0.08403089947348838,0.23448274307474737,0.3663133068223145,False,0.39373956434886526,False
2025-02-06,Honduras,HND,901021,El Paraiso,0.09272742751006692,0.21330114143746803,0.08403089947348838,0.23448274307474737,0.3663154259112355,False,0.39373956434886526,False
2025-02-06,Honduras,HND,901022,Francisco Morazan,0.09272809064360389,0.21330180750260536,0.08403089947348838,0.23448274307474737,0.36631675657570995,False,0.39373956434886526,False
2025-02-06,Honduras,HND,901023,Gracias a Dios,0.08542241838779104,0.2924525377361415,0.08403089947348838,0.23448274307474737,0.48139001579810775,False,0.39373956434886526,False
2025-02-06,Honduras,HND,901024,Intibuca,0.085694680712022,0.14951276102088168,0.08403089947348838,0.23448274307474737,0.2671164818873335,False,0.39373956434886526,False
2025-02-06,Honduras,HND,901025,Islas de La Bahia,0.08541887656585907,0.29245204015166776,0.08403089947348838,0.23448274307474737,0.4813874985104312,False,0.39373956434886526,False
2025-02-06,Honduras,HND,901026,La Paz,0.08569412986349954,0.1495092484440648,0.08403089947348838,0.23448274307474737,0.267110937597847,False,0.39373956434886526,False
2025-02-06,Honduras,HND,901027,Lempira,0.09665495817705941,0.3253659109221009,0.08403089947348838,0.23448274307474737,0.536376345471681,False,0.39373956434886526,False
2025-02-06,Honduras,HND,901028,Ocotepeque,0.09665411238464217,0.32536303461743704,0.08403089947348838,0.23448274307474737,0.5363716081184766,False,0.39373956434886526,False
2025-02-06,Honduras,HND,901029,Olancho,0.08542814635790712,0.29245218967934766,0.08403089947348838,0.23448274307474737,0.481392357697975,False,0.39373956434886526,False
2025-02-06,Honduras,HND,901030,Santa Barbara,0.09665363535576563,0.3253662709870602,0.08403089947348838,0.23448274307474737,0.5363762241584732,False,0.39373956434886526,False
2025-02-06,Honduras,HND,901031,Valle,0.09272376690503487,0.21329741235947583,0.08403089947348838,0.23448274307474737,0.3663080019917312,False,0.39373956434886526,False
2025-02-06,Honduras,HND,901032,Yoro,0.05208355408279962,0.14922864601830563,0.08403089947348838,0.23448274307474737,0.24988474606885824,False,0.39373956434886526,False
2025-02-07,Honduras,HND,901015,Atlantida,0.05344511335108896,0.15506511259802863,0.08193801299214433,0.23663075288405327,0.25932022557258744,False,0.3959151358221521,False
2025-02-07,Honduras,HND,901016,Colon,0.08716571276701582,0.29810521591562533,0.08193801299214433,0.23663075288405327,0.4907406802569459,False,0.3959151358221521,False
2025-02-07,Honduras,HND,901017,Comayagua,0.0819620872976987,0.15262382697174187,0.08193801299214433,0.23663075288405327,0.26991678410646214,False,0.3959151358221521,False
2025-02-07,Honduras,HND,901018,Copan,0.08264541277186294,0.31782151154844884,0.08193801299214433,0.23663075288405327,0.5180549737086048,False,0.3959151358221521,False
2025-02-07,Honduras,HND,901019,Cortes,0.05344518997610344,0.15506661164172617,0.08193801299214433,0.23663075288405327,0.259322512450641,False,0.3959151358221521,False
2025-02-07,Honduras,HND,901020,Choluteca,0.09735734225723905,0.21814963037670462,0.08193801299214433,0.23663075288405327,0.37590311669367643,False,0.3959151358221521,False
2025-02-07,Honduras,HND,901021,El Paraiso,0.09735774829855974,0.2181493810323326,0.08193801299214433,0.23663075288405327,0.37590294569777877,False,0.3959151358221521,False
2025-02-07,Honduras,HND,901022,Francisco Morazan,0.09735782984348834,0.21815099513190603,0.08193801299214433,0.23663075288405327,0.3759054076196032,False,0.3959151358221521,False
2025-02-07,Honduras,HND,901023,Gracias a Dios,0.08716082566339815,0.29810005261970984,0.08193801299214433,0.23663075288405327,0.4907304917612638,False,0.3959151358221521,False
2025-02-07,Honduras,HND,901024,Intibuca,0.08196012559147482,0.15262366589327145,0.08193801299214433,0.23663075288405327,0.26991556163564456,False,0.3959151358221521,False
2025-02-07,Honduras,HND,901025,Islas de La Bahia,0.08715950636885278,0.29809594134866424,0.08193801299214433,0.23663075288405327,0.4907236652074227,False,0.3959151358221521,False
2025-02-07,Honduras,HND,901026,La Paz,0.0819633876780522,0.15262111887868063,0.08193801299214433,0.23663075288405327,0.269913372157047,False,0.3959151358221521,False
2025-02-07,Honduras,HND,901027,Lempira,0.08264541912849113,0.3178209157511112,0.08193801299214433,0.23663075288405327,0.5180540831909124,False,0.3959151358221521,False
2025-02-07,Honduras,HND,901028,Ocotepeque,0.08264357115138636,0.3178184997218343,0.08193801299214433,0.23663075288405327,0.5180495351584447,False,0.3959151358221521,False
2025-02-07,Honduras,HND,901029,Olancho,0.08716559862420101,0.2981056578713471,0.08193801299214433,0.23663075288405327,0.49074128611912116,False,0.3959151358221521,False
2025-02-07,Honduras,HND,901030,Santa Barbara,0.08264642190449319,0.31782080073706637,0.08193801299214433,0.23663075288405327,0.5180544120578461,False,0.3959151358221521,False
2025-02-07,Honduras,HND,901031,Valle,0.09735799560302229,0.21814785250227278,0.08193801299214433,0.23663075288405327,0.3759007765549203,False,0.3959151358221521,False
2025-02-07,Honduras,HND,901032,Yoro,0.05344494558216896,0.1550667613724867,0.08193801299214433,0.23663075288405327,0.25932261484981456,False,0.3959151358221521,False
2025-02-08,Honduras,HND,901015,Atlantida,0.05953266617662401,0.16262560855697053,0.0838990438228539,0.2412014483117958,0.2737047459237678,False,0.4037516943791206,False
2025-02-08,Honduras,HND,901016,Colon,0.09023718162157975,0.3084669219225537,0.0838990438228539,0.2412014483117958,0.5078189736946204,False,0.4037516943791206,False
2025-02-08,Honduras,HND,901017,Comayagua,0.0857941750703496,0.1579106916912695,0.0838990438228539,0.2412014483117958,0.27976312507207907,False,0.4037516943791206,False
2025-02-08,Honduras,HND,901018,Copan,0.07985741767094973,0.3148307594187053,0.0838990438228539,0.2412014483117958,0.5121748479635329,False,0.4037516943791206,False
2025-02-08,Honduras,HND,901019,Cortes,0.05953340616539151,0.16262668724248217,0.0838990438228539,0.2412014483117958,0.273706733946419,False,0.4037516943791206,False
2025-02-08,Honduras,HND,901020,Choluteca,0.09845817459760764,0.2217117474759396,0.0838990438228539,0.2412014483117958,0.38179670851271325,False,0.4037516943791206,False
2025-02-08,Honduras,HND,901021,El Paraiso,0.09845697735588949,0.2217116309112239,0.0838990438228539,0.2412014483117958,0.3817959350447806,False,0.4037516943791206,False
2025-02-08,Honduras,HND,901022,Francisco Morazan,0.09845784400449596,0.22171168760781623,0.0838990438228539,0.2412014483117958,0.38179645341397234,False,0.4037516943791206,False
2025-02-08,Honduras,HND,901023,Gracias a Dios,0.09023342404533173,0.3084642561828159,0.0838990438228539,0.2412014483117958,0.5078130962968898,False,0.4037516943791206,False
2025-02-08,Honduras,HND,901024,Intibuca,0.08579490417113775,0.15790997679814386,0.0838990438228539,0.2412014483117958,0.27976241728278467,False,0.4037516943791206,False
2025-02-08,Honduras,HND,901025,Islas de La Bahia,0.0902318279569645,0.30846013871673833,0.0838990438228539,0.2412014483117958,0.5078061220535898,False,0.4037516943791206,False
2025-02-08,Honduras,HND,901026,La Paz,0.08579436362903452,0.157907811927965,0.0838990438228539,0.2412014483117958,0.2797588997064647,False,0.4037516943791206,False
2025-02-08,Honduras,HND,901027,Lempira,0.07985743212225747,0.314830130890192,0.0838990438228539,0.2412014483117958,0.5121739123964167,False,0.4037516943791206,False
2025-02-08,Honduras,HND,901028,Ocotepeque,0.07985627011989589,0.3148267992779046,0.0838990438228539,0.2412014483117958,0.5121683339768048,False,0.4037516943791206,False
2025-02-08,Honduras,HND,901029,Olancho,0.0902395275581872,0.30846785689130674,0.0838990438228539,0.2412014483117958,0.5078215491160537,False,0.4037516943791206,False
2025-02-08,Honduras,HND,901030,Santa Barbara,0.07985777720832077,0.31483058167370004,0.0838990438228539,0.2412014483117958,0.5121747611147105,False,0.4037516943791206,False
2025-02-08,Honduras,HND,901031,Valle,0.09845559032185634,0.22170668972704494,0.0838990438228539,0.2412014483117958,0.38178782975149556,False,0.4037516943791206,False
2025-02-08,Honduras,HND,901032,Yoro,0.05953382901549621,0.16262609269955203,0.0838990438228539,0.2412014483117958,0.27370605355707617,False,0.4037516943791206,False
2025-02-09,Honduras,HND,901015,Atlantida,0.062028818190767054,0.16761997265990358,0.08738766520611665,0.23670785036317188,0.2824443680852389,False,0.39875560814781613,False
2025-02-09,Honduras,HND,901016,Colon,0.0892862206266615,0.30514859539136896,0.08738766520611665,0.23670785036317188,0.5023660034003842,False,0.39875560814781613,False
2025-02-09,Honduras,HND,901017,Comayagua,0.0857941750703496,0.14255423608182202,0.08738766520611665,0.23670785036317188,0.2567284416579078,False,0.39875560814781613,False
2025-02-09,Honduras,HND,901018,Copan,0.08299618565260314,0.3134162452735638,0.08738766520611665,0.23670785036317188,0.5116224607366473,False,0.39875560814781613,False
2025-02-09,Honduras,HND,901019,Cortes,0.06203035158918435,0.16761954204907903,0.08738766520611665,0.23670785036317188,0.2824444888682107,False,0.39875560814781613,False
2025-02-09,Honduras,HND,901020,Choluteca,0.11009516861045246,0.21399096595603145,0.08738766520611665,0.23670785036317188,0.37603403323927337,False,0.39875560814781613,False
2025-02-09,Honduras,HND,901021,El Paraiso,0.11009511654646587,0.2139898560508637,0.08738766520611665,0.23670785036317188,0.3760323423495285,False,0.39875560814781613,False
2025-02-09,Honduras,HND,901022,Francisco Morazan,0.1100967259389715,0.2139904563129101,0.08738766520611665,0.23670785036317188,0.3760340474388509,False,0.39875560814781613,False
2025-02-09,Honduras,HND,901023,Gracias a Dios,0.0892843273040139,0.30514733518755166,0.08738766520611665,0.23670785036317188,0.5023631664333345,False,0.39875560814781613,False
2025-02-09,Honduras,HND,901024,Intibuca,0.08579490417113775,0.1425522041763341,0.08738766520611665,0.23670785036317188,0.25672575835007005,False,0.39875560814781613,False
2025-02-09,Honduras,HND,901025,Islas de La Bahia,0.08928237314409257,0.3051504522798597,0.08738766520611665,0.23670785036317188,0.5023668649918358,False,0.39875560814781613,False
2025-02-09,Honduras,HND,901026,La Paz,0.08579436362903452,0.14255330276668818,0.08738766520611665,0.23670785036317188,0.2567271359645495,False,0.39875560814781613,False
2025-02-09,Honduras,HND,901027,Lempira,0.08299491368292072,0.3134161112860109,0.08738766520611665,0.23670785036317188,0.5116216237704767,False,0.39875560814781613,False
2025-02-09,Honduras,HND,901028,Ocotepeque,0.08299552750435607,0.3134132633945298,0.08738766520611665,0.23670785036317188,0.5116176588439727,False,0.39875560814781613,False
2025-02-09,Honduras,HND,901029,Olancho,0.08928692739419507,0.30515074576305296,0.08738766520611665,0.23670785036317188,0.502369582341677,False,0.39875560814781613,False
2025-02-09,Honduras,HND,901030,Santa Barbara,0.08299602645789932,0.31341773401446166,0.08738766520611665,0.23670785036317188,0.5116246142506421,False,0.39875560814781613,False
2025-02-09,Honduras,HND,901031,Valle,0.11009667620124615,0.2139903323798754,0.08738766520611665,0.23670785036317188,0.37603383667043616,False,0.39875560814781613,False
2025-02-09,Honduras,HND,901032,Yoro,0.06202917199574816,0.16761995551318717,0.08738766520611665,0.23670785036317188,0.28244451926765485,False,0.39875560814781613,False
2025-02-10,Honduras,HND,901015,Atlantida,0.06349977851584111,0.1898877617094755,0.09001296401446801,0.2433018140597159,0.3165815318221338,False,0.4099592030968079,False
2025-02-10,Honduras,HND,901016,Colon,0.08302270341061882,0.30886803831643317,0.09001296401446801,0.2433018140597159,0.5048134091799592,False,0.4099592030968079,False
2025-02-10,Honduras,HND,901017,Comayagua,0.0886410399407964,0.1491887652889076,0.09001296401446801,0.2433018140597159,0.2681036679037596,False,0.4099592030968079,False
2025-02-10,Honduras,HND,901018,Copan,0.09509594295136994,0.3271491048243816,0.09001296401446801,0.2433018140597159,0.5382716287122574,False,0.4099592030968079,False
2025-02-10,Honduras,HND,901019,Cortes,0.06350058038018859,0.1898876305836229,0.09001296401446801,0.2433018140597159,0.31658173606552864,False,0.4099592030968079,False
2025-02-10,Honduras,HND,901020,Choluteca,0.11283756960612856,0.20453633466733903,0.09001296401446801,0.2433018140597159,0.36322328680407284,False,0.4099592030968079,False
2025-02-10,Honduras,HND,901021,El Paraiso,0.11283830187100803,0.20453656704948042,0.09001296401446801,0.2433018140597159,0.36322400150972467,False,0.4099592030968079,False
2025-02-10,Honduras,HND,901022,Francisco Morazan,0.11283871695903686,0.20453671752851846,0.09001296401446801,0.2433018140597159,0.36322443477229616,False,0.4099592030968079,False
2025-02-10,Honduras,HND,901023,Gracias a Dios,0.08301701355428094,0.30886830038337215,0.09001296401446801,0.2433018140597159,0.5048109573521987,False,0.4099592030968079,False
2025-02-10,Honduras,HND,901024,Intibuca,0.08864220078553003,0.14918607888631089,0.09001296401446801,0.2433018140597159,0.26810021872223133,False,0.4099592030968079,False
2025-02-10,Honduras,HND,901025,Islas de La Bahia,0.0830190918642444,0.30886890477069545,0.09001296401446801,0.2433018140597159,0.5048129030881654,False,0.4099592030968079,False
2025-02-10,Honduras,HND,901026,La Paz,0.08864033881296451,0.14918672965952476,0.09001296401446801,0.2433018140597159,0.2681002638957694,False,0.4099592030968079,False
2025-02-10,Honduras,HND,901027,Lempira,0.09509419990904629,0.32714810921567267,0.09001296401446801,0.2433018140597159,0.5382692637780321,False,0.4099592030968079,False
2025-02-10,Honduras,HND,901028,Ocotepeque,0.09509297759633155,0.32714556581173293,0.09001296401446801,0.2433018140597159,0.5382648375157651,False,0.4099592030968079,False
2025-02-10,Honduras,HND,901029,Olancho,0.08302339226114361,0.30886866051094913,0.09001296401446801,0.2433018140597159,0.5048146868969955,False,0.4099592030968079,False
2025-02-10,Honduras,HND,901030,Santa Barbara,0.09509477209350617,0.32714929707229995,0.09001296401446801,0.2433018140597159,0.538271331655203,False,0.4099592030968079,False
2025-02-10,Honduras,HND,901031,Valle,0.11283509612186524,0.20453335994146213,0.09001296401446801,0.2433018140597159,0.3632175879731258,False,0.4099592030968079,False
2025-02-10,Honduras,HND,901032,Yoro,0.06349963562652325,0.18988672685470756,0.09001296401446801,0.2433018140597159,0.316579908095323,False,0.4099592030968079,False
2025-02-11,Honduras,HND,901015,Atlantida,0.06335387837654188,0.20277837734129553,0.09145838163067223,0.2465562179482524,0.33584450520021425,False,0.4155635177377147,False
2025-02-11,Honduras,HND,901016,Colon,0.07289942019523524,0.3176449138160755,0.09145838163067223,0.2465562179482524,0.5129170808217309,False,0.4155635177377147,False
2025-02-11,Honduras,HND,901017,Comayagua,0.0967880404240123,0.13567093262336566,0.09145838163067223,0.2465562179482524,0.25190041914705463,False,0.4155635177377147,False
2025-02-11,Honduras,HND,901018,Copan,0.09741696442804525,0.329246959136258,0.09145838163067223,0.2465562179482524,0.5425789209184096,False,0.4155635177377147,False
2025-02-11,Honduras,HND,901019,Cortes,0.06335349938865242,0.2027786131519852,0.09145838163067223,0.2465562179482524,0.335844669422304,False,0.4155635177377147,False
2025-02-11,Honduras,HND,901020,Choluteca,0.12114416917910369,0.20877654152763322,0.09145838163067223,0.2465562179482524,0.37373689688100165,False,0.4155635177377147,False
2025-02-11,Honduras,HND,901021,El Paraiso,0.12114373318339848,0.20877780393423356,0.09145838163067223,0.2465562179482524,0.37373857249304954,False,0.4155635177377147,False
2025-02-11,Honduras,HND,901022,Francisco Morazan,0.12114489869930167,0.20877746502758315,0.09145838163067223,0.2465562179482524,0.3737386468910256,False,0.4155635177377147,False
2025-02-11,Honduras,HND,901023,Gracias a Dios,0.07289711275088982,0.3176445162745245,0.09145838163067223,0.2465562179482524,0.5129153307872316,False,0.4155635177377147,False
2025-02-11,Honduras,HND,901024,Intibuca,0.09678703599666763,0.13566960556844548,0.09145838163067223,0.2465562179482524,0.25189792635100205,False,0.4155635177377147,False
2025-02-11,Honduras,HND,901025,Islas de La Bahia,0.07289223948944458,0.31763759592816265,0.09145838163067223,0.2465562179482524,0.5129025136369663,False,0.4155635177377147,False
2025-02-11,Honduras,HND,901026,La Paz,0.09678617293153012,0.1356714492425167,0.09145838163067223,0.2465562179482524,0.2519002603295401,False,0.4155635177377147,False
2025-02-11,Honduras,HND,901027,Lempira,0.0974152691404905,0.3292477949298059,0.09145838163067223,0.2465562179482524,0.5425793269649541,False,0.4155635177377147,False
2025-02-11,Honduras,HND,901028,Ocotepeque,0.097414752341702,0.32924600065851467,0.09145838163067223,0.2465562179482524,0.542576377158623,False,0.4155635177377147,False
2025-02-11,Honduras,HND,901029,Olancho,0.07289932457211937,0.3176444150782657,0.09145838163067223,0.2465562179482524,0.5129162849034582,False,0.4155635177377147,False
2025-02-11,Honduras,HND,901030,Santa Barbara,0.09741655615421731,0.32924697481964077,0.09145838163067223,0.2465562179482524,0.5425787403065698,False,0.4155635177377147,False
2025-02-11,Honduras,HND,901031,Valle,0.12114459300649681,0.20877403046630746,0.09145838163067223,0.2465562179482524,0.3737333422027096,False,0.4155635177377147,False
2025-02-11,Honduras,HND,901032,Yoro,0.06335320909425099,0.20277793354392917,0.09145838163067223,0.2465562179482524,0.3358435048630193,False,0.4155635177377147,False
2025-02-12,Honduras,HND,901015,Atlantida,0.055511587564253215,0.18156582008297958,0.09223277199660516,0.24138602500888284,0.300104523906596,False,0.40819542351162685,False
2025-02-12,Honduras,HND,901016,Colon,0.0769077495636815,0.3179562698980379,0.09223277199660516,0.24138602500888284,0.5153882796288975,False,0.40819542351162685,False
2025-02-12,Honduras,HND,901017,Comayagua,0.0896180140256038,0.12999196014339942,0.09223277199660516,0.24138602500888284,0.23979694722790104,False,0.40819542351162685,False
2025-02-12,Honduras,HND,901018,Copan,0.10367181449592273,0.32946107238850164,0.09223277199660516,0.24138602500888284,0.5460275158307138,False,0.40819542351162685,False
2025-02-12,Honduras,HND,901019,Cortes,0.05551189658238045,0.18156693762059573,0.09223277199660516,0.24138602500888284,0.3001063547220838,False,0.40819542351162685,False
2025-02-12,Honduras,HND,901020,Choluteca,0.12562471165091252,0.20515219467184534,0.09223277199660516,0.24138602500888284,0.37054064783322427,False,0.40819542351162685,False
2025-02-12,Honduras,HND,901021,El Paraiso,0.12562426921348402,0.20515329736712576,0.09223277199660516,0.24138602500888284,0.37054208065743066,False,0.40819542351162685,False
2025-02-12,Honduras,HND,901022,Francisco Morazan,0.12562455348114265,0.20515375144590467,0.09223277199660516,0.24138602500888284,0.37054290390942834,False,0.40819542351162685,False
2025-02-12,Honduras,HND,901023,Gracias a Dios,0.0768999396902962,0.3179545967075096,0.09223277199660516,0.24138602500888284,0.5153818649064125,False,0.40819542351162685,False
2025-02-12,Honduras,HND,901024,Intibuca,0.08961853459935842,0.12998979118329465,0.09223277199660516,0.24138602500888284,0.23979395407462117,False,0.40819542351162685,False
2025-02-12,Honduras,HND,901025,Islas de La Bahia,0.07690075446082516,0.3179540599699359,0.09223277199660516,0.24138602500888284,0.5153814671853164,False,0.40819542351162685,False
2025-02-12,Honduras,HND,901026,La Paz,0.08961661159760921,0.1299925036174404,0.09223277199660516,0.24138602500888284,0.23979706122496522,False,0.40819542351162685,False
2025-02-12,Honduras,HND,901027,Lempira,0.10367164864014002,0.3294612318511918,0.09223277199660516,0.24138602500888284,0.5460276720968578,False,0.40819542351162685,False
2025-02-12,Honduras,HND,901028,Ocotepeque,0.10367065181602461,0.3294617209941301,0.09223277199660516,0.24138602500888284,0.5460279073992075,False,0.40819542351162685,False
2025-02-12,Honduras,HND,901029,Olancho,0.07690900821043775,0.31795801456309053,0.09223277199660516,0.24138602500888284,0.5153915259498547,False,0.40819542351162685,False
2025-02-12,Honduras,HND,901030,Santa Barbara,0.10367258129529544,0.32946085568799716,0.09223277199660516,0.24138602500888284,0.5460275741796434,False,0.40819542351162685,False
2025-02-12,Honduras,HND,901031,Valle,0.1256236280183596,0.20514867291957692,0.09223277199660516,0.24138602500888284,0.37053482338854515,False,0.40819542351162685,False
2025-02-12,Honduras,HND,901032,Yoro,0.05551194103316572,0.18156569904733422,0.09223277199660516,0.24138602500888284,0.3001045190875842,False,0.40819542351162685,False
2025-02-13,Honduras,HND,901015,Atlantida,0.059015042954529695,0.18576257894471412,0.09460511996670733,0.24594103887201582,0.308151389894336,False,0.4162141182913774,False
2025-02-13,Honduras,HND,901016,Colon,0.06523050819904413,0.3273387001644204,0.09460511996670733,0.24594103887201582,0.5236233043461527,False,0.4162141182913774,False
2025-02-13,Honduras,HND,901017,Comayagua,0.0896180140256038,0.13095740194010966,0.09460511996670733,0.24594103887201582,0.2412451099229664,False,0.4162141182913774,False
2025-02-13,Honduras,HND,901018,Copan,0.12092615370598149,0.33125370142590316,0.09460511996670733,0.24594103887201582,0.5573436289918455,False,0.4162141182913774,False
2025-02-13,Honduras,HND,901019,Cortes,0.05901644972461979,0.18576276942775807,0.09460511996670733,0.24594103887201582,0.30815237900394704,False,0.4162141182913774,False
2025-02-13,Honduras,HND,901020,Choluteca,0.12809458922996042,0.21060910056543244,0.09460511996670733,0.24594103887201582,0.37996094546312886,False,0.4162141182913774,False
2025-02-13,Honduras,HND,901021,El Paraiso,0.12809508152707874,0.21060853967210183,0.09460511996670733,0.24594103887201582,0.3799603502716921,False,0.4162141182913774,False
2025-02-13,Honduras,HND,901022,Francisco Morazan,0.12809555374640422,0.21060966044801133,0.09460511996670733,0.24594103887201582,0.3799622675452191,False,0.4162141182913774,False
2025-02-13,Honduras,HND,901023,Gracias a Dios,0.06522965397090948,0.3273318533792644,0.09460511996670733,0.24594103887201582,0.5236126070543513,False,0.4162141182913774,False
2025-02-13,Honduras,HND,901024,Intibuca,0.08961853459935842,0.13095498839907194,0.09460511996670733,0.24594103887201582,0.24124174989828712,False,0.4162141182913774,False
2025-02-13,Honduras,HND,901025,Islas de La Bahia,0.06521797113056844,0.32732897987848864,0.09460511996670733,0.24594103887201582,0.5236024553830172,False,0.4162141182913774,False
2025-02-13,Honduras,HND,901026,La Paz,0.08961661159760921,0.13095570160910724,0.09460511996670733,0.24594103887201582,0.24124185821246547,False,0.4162141182913774,False
2025-02-13,Honduras,HND,901027,Lempira,0.12092535577266832,0.33125143402931556,0.09460511996670733,0.24594103887201582,0.5573398289303075,False,0.4162141182913774,False
2025-02-13,Honduras,HND,901028,Ocotepeque,0.12092260181432156,0.3312499290393633,0.09460511996670733,0.24594103887201582,0.5573361944662056,False,0.4162141182913774,False
2025-02-13,Honduras,HND,901029,Olancho,0.06523037636918942,0.32734051672842823,0.09460511996670733,0.24594103887201582,0.5236259632772371,False,0.4162141182913774,False
2025-02-13,Honduras,HND,901030,Santa Barbara,0.12092700904057976,0.3312521079604814,0.09460511996670733,0.24594103887201582,0.557341666461012,False,0.4162141182913774,False
2025-02-13,Honduras,HND,901031,Valle,0.12809596665114525,0.21060888268032552,0.09460511996670733,0.24594103887201582,0.37996130734606093,False,0.4162141182913774,False
2025-02-13,Honduras,HND,901032,Yoro,0.05901668534115963,0.1857618534039877,0.09460511996670733,0.24594103887201582,0.30815112277656137,False,0.4162141182913774,False
2025-02-14,Honduras,HND,901015,Atlantida,0.06204482515828539,0.19420661758240002,0.09677038053578318,0.25216410815508356,0.3223323389527427,False,0.42663135250051687,False
2025-02-14,Honduras,HND,901016,Colon,0.06783075249491659,0.32396988682659567,0.09677038053578318,0.25216410815508356,0.5198702064873518,False,0.42663135250051687,False
2025-02-14,Honduras,HND,901017,Comayagua,0.09724767684834426,0.1356676376001687,0.09677038053578318,0.25216410815508356,0.2521252948244252,False,0.42663135250051687,False
2025-02-14,Honduras,HND,901018,Copan,0.11430686529087514,0.3594574279076124,0.09677038053578318,0.25216410815508356,0.5963395745068563,False,0.42663135250051687,False
2025-02-14,Honduras,HND,901019,Cortes,0.06204573620406998,0.1942076737840549,0.09677038053578318,0.25216410815508356,0.3223343787781173,False,0.42663135250051687,False
2025-02-14,Honduras,HND,901020,Choluteca,0.133862643906312,0.20390545368711308,0.09677038053578318,0.25216410815508356,0.3727895024838256,False,0.42663135250051687,False
2025-02-14,Honduras,HND,901021,El Paraiso,0.13386355279464437,0.20390621808128778,0.09677038053578318,0.25216410815508356,0.3727911035192538,False,0.42663135250051687,False
2025-02-14,Honduras,HND,901022,Francisco Morazan,0.13386370368163572,0.20390650647083525,0.09677038053578318,0.25216410815508356,0.37279161154707074,False,0.42663135250051687,False
2025-02-14,Honduras,HND,901023,Gracias a Dios,0.06782305421521528,0.3239679538641141,0.09677038053578318,0.25216410815508356,0.5198634579037789,False,0.42663135250051687,False
2025-02-14,Honduras,HND,901024,Intibuca,0.09724734151127708,0.13566589327146172,0.09677038053578318,0.25216410815508356,0.25212251066283115,False,0.42663135250051687,False
2025-02-14,Honduras,HND,901025,Islas de La Bahia,0.06782879973628063,0.3239665527970749,0.09677038053578318,0.25216410815508356,0.5198642290637526,False,0.42663135250051687,False
2025-02-14,Honduras,HND,901026,La Paz,0.09724813998753605,0.13566709088056345,0.09677038053578318,0.25216410815508356,0.2521247063146132,False,0.42663135250051687,False
2025-02-14,Honduras,HND,901027,Lempira,0.11430614324818979,0.3594571231904551,0.09677038053578318,0.25216410815508356,0.5963387564097775,False,0.42663135250051687,False
2025-02-14,Honduras,HND,901028,Ocotepeque,0.11430339362149029,0.35945820134654904,0.09677038053578318,0.25216410815508356,0.5963389988305687,False,0.42663135250051687,False
2025-02-14,Honduras,HND,901029,Olancho,0.06783140765048651,0.32397142188889716,0.09677038053578318,0.25216410815508356,0.519872836658589,False,0.42663135250051687,False
2025-02-14,Honduras,HND,901030,Santa Barbara,0.11430698485558928,0.35945764747497183,0.09677038053578318,0.25216410815508356,0.5963399636402524,False,0.42663135250051687,False
2025-02-14,Honduras,HND,901031,Valle,0.13386106122086963,0.2039069602430209,0.09677038053578318,0.25216410815508356,0.37279097097496616,False,0.42663135250051687,False
2025-02-14,Honduras,HND,901032,Yoro,0.06204476721807947,0.19420767989432824,0.09677038053578318,0.25216410815508356,0.32233390345053214,False,0.42663135250051687,False
2025-02-15,Honduras,HND,901015,Atlantida,0.07093439525327337,0.22529398597820788,0.09385917256038531,0.25908223109555895,0.3734081765939485,False,0.4355529329235311,False
2025-02-15,Honduras,HND,901016,Colon,0.05903423514396713,0.32018064262773316,0.09385917256038531,0.25908223109555895,0.5097880815135833,False,0.4355529329235311,False
2025-02-15,Honduras,HND,901017,Comayagua,0.08793266292556016,0.1285635675875158,0.09385917256038531,0.25908223109555895,0.2368116828440538,False,0.4355529329235311,False
2025-02-15,Honduras,HND,901018,Copan,0.1070247369140358,0.3571090155345998,0.09385917256038531,0.25908223109555895,0.5891758917589176,False,0.4355529329235311,False
2025-02-15,Honduras,HND,901019,Cortes,0.07093446432371585,0.22529365537557813,0.09385917256038531,0.25908223109555895,0.37340771522522515,False,0.4355529329235311,False
2025-02-15,Honduras,HND,901020,Choluteca,0.13716296685729001,0.2231859489501411,0.09385917256038531,0.25908223109555895,0.40336040685385666,False,0.4355529329235311,False
2025-02-15,Honduras,HND,901021,El Paraiso,0.13716121174861529,0.22318633621335368,0.09385917256038531,0.25908223109555895,0.40336011019433815,False,0.4355529329235311,False
2025-02-15,Honduras,HND,901022,Francisco Morazan,0.13716257210903568,0.2231869544019383,0.09385917256038531,0.25908223109555895,0.40336171765742534,False,0.4355529329235311,False
2025-02-15,Honduras,HND,901023,Gracias a Dios,0.05902803878824325,0.3201815379989476,0.09385917256038531,0.25908223109555895,0.5097863263925431,False,0.4355529329235311,False
2025-02-15,Honduras,HND,901024,Intibuca,0.0879294927361564,0.12856426914153132,0.09385917256038531,0.25908223109555895,0.2368111500803752,False,0.4355529329235311,False
2025-02-15,Honduras,HND,901025,Islas de La Bahia,0.05903372979245233,0.32018249426408923,0.09385917256038531,0.25908223109555895,0.5097906062923601,False,0.4355529329235311,False
2025-02-15,Honduras,HND,901026,La Paz,0.08792997878568112,0.12856296089677655,0.09385917256038531,0.25908223109555895,0.23680943073800537,False,0.4355529329235311,False
2025-02-15,Honduras,HND,901027,Lempira,0.1070226083058978,0.3571093170552108,0.09385917256038531,0.25908223109555895,0.5891752797357651,False,0.4355529329235311,False
2025-02-15,Honduras,HND,901028,Ocotepeque,0.10701999386900099,0.3571079850585283,0.09385917256038531,0.25908223109555895,0.589171974522293,False,0.4355529329235311,False
2025-02-15,Honduras,HND,901029,Olancho,0.05903552226891743,0.32018172000093914,0.09385917256038531,0.25908223109555895,0.5097903411358674,False,0.4355529329235311,False
2025-02-15,Honduras,HND,901030,Santa Barbara,0.10702475259741863,0.3571090710166745,0.09385917256038531,0.25908223109555895,0.5891759828237211,False,0.4355529329235311,False
2025-02-15,Honduras,HND,901031,Valle,0.13715936051797156,0.22318676689061842,0.09385917256038531,0.25908223109555895,0.4033598305949134,False,0.4355529329235311,False
2025-02-15,Honduras,HND,901032,Yoro,0.07093438314970278,0.22529393072767714,0.09385917256038531,0.25908223109555895,0.37340808766636713,False,0.4355529329235311,False
2025-02-16,Honduras,HND,901015,Atlantida,0.07583476952079568,0.2402251161154679,0.09360486940781558,0.26373382904580595,0.3982550589335997,False,0.44240317827261666,False
2025-02-16,Honduras,HND,901016,Colon,0.06020955229099714,0.3252717353192802,0.09360486940781558,0.26373382904580595,0.5180123791244189,False,0.44240317827261666,False
2025-02-16,Honduras,HND,901017,Comayagua,0.10746564152300128,0.1471326708140025,0.09360486940781558,0.26373382904580595,0.2744318269825044,False,0.44240317827261666,False
2025-02-16,Honduras,HND,901018,Copan,0.08862462857456659,0.3493303266365997,0.09360486940781558,0.26373382904580595,0.5683078042421829,False,0.44240317827261666,False
2025-02-16,Honduras,HND,901019,Cortes,0.07583616244027147,0.24022557298743716,0.09360486940781558,0.26373382904580595,0.39825644070129146,False,0.44240317827261666,False
2025-02-16,Honduras,HND,901020,Choluteca,0.13491625806036286,0.2216838513781746,0.09360486940781558,0.26373382904580595,0.39998390609744333,False,0.44240317827261666,False
2025-02-16,Honduras,HND,901021,El Paraiso,0.1349160799298056,0.22168244808862242,0.09360486940781558,0.26373382904580595,0.39998171209783645,False,0.44240317827261666,False
2025-02-16,Honduras,HND,901022,Francisco Morazan,0.13491787490539672,0.22168361456979216,0.09360486940781558,0.26373382904580595,0.3999843593073866,False,0.44240317827261666,False
2025-02-16,Honduras,HND,901023,Gracias a Dios,0.060202603943664744,0.3252649778245508,0.09360486940781558,0.26373382904580595,0.5179987687086586,False,0.44240317827261666,False
2025-02-16,Honduras,HND,901024,Intibuca,0.10746368054952743,0.14713317865429235,0.09360486940781558,0.26373382904580595,0.2744316082562023,False,0.44240317827261666,False
2025-02-16,Honduras,HND,901025,Islas de La Bahia,0.060207302009552086,0.3252722909359424,0.09360486940781558,0.26373382904580595,0.5180120874086896,False,0.44240317827261666,False
2025-02-16,Honduras,HND,901026,La Paz,0.10746423814536296,0.14713394117954706,0.09360486940781558,0.26373382904580595,0.2744330308420021,False,0.44240317827261666,False
2025-02-16,Honduras,HND,901027,Lempira,0.08862431023271379,0.3493295412706967,0.09360486940781558,0.26373382904580595,0.568306467022402,False,0.44240317827261666,False
2025-02-16,Honduras,HND,901028,Ocotepeque,0.08862128453286611,0.34933069927449845,0.09360486940781558,0.26373382904580595,0.5683066911781807,False,0.44240317827261666,False
2025-02-16,Honduras,HND,901029,Olancho,0.060209442146602274,0.3252730998722124,0.09360486940781558,0.26373382904580595,0.5180143708816197,False,0.44240317827261666,False
2025-02-16,Honduras,HND,901030,Santa Barbara,0.08862479282842413,0.34933121097702424,0.09360486940781558,0.26373382904580595,0.5683092128797484,False,0.44240317827261666,False
2025-02-16,Honduras,HND,901031,Valle,0.13491429965187698,0.221678972926229,0.09360486940781558,0.26373382904580595,0.399975609215282,False,0.44240317827261666,False
2025-02-16,Honduras,HND,901032,Yoro,0.07583472805489258,0.24022567400013708,0.09360486940781558,0.26373382904580595,0.3982558750276519,False,0.44240317827261666,False
